74;29;66;32;91
50;69;15;50;22
81;62;56;62;11
61;25;85;93;94
25;25;5;84;56
6;75;36;46;95
32;40;60;20;44
20;98;4;67;25
99;82;35;85;52
35;88;40;99;71
13;64;82;63;57
31;19;71;38;21
95;35;72;50;81
26;85;84;88;65
23;32;53;90;63
61;63;86;77;81
56;40;80;58;7
95;36;99;87;97
37;79;35;87;85
83;19;39;10;51
10;78;42;84;20
11;51;8;22;27
8;30;36;32;28
47;49;8;77;7
19;79;20;29;31
93;91;21;76;63
49;37;35;34;82
57;69;54;72;23
46;86;25;26;6
32;34;92;22;20
25;91;79;91;21
23;8;77;98;45
33;75;38;79;65
19;32;81;64;89
67;16;75;81;86
77;61;73;13;59
6;41;40;30;59
17;96;79;9;57
49;86;48;6;45
44;79;85;56;8
18;65;3;81;75
31;27;57;5;4
25;33;69;77;73
13;30;14;34;61
64;60;86;92;8
37;47;51;37;19
35;58;3;62;71
74;15;16;56;40
61;32;34;12;33
6;60;77;74;40
87;29;59;77;5
43;52;94;4;40
76;47;69;6;10
5;47;12;69;17
38;51;92;79;43
50;46;97;23;73
72;21;41;84;37
38;56;51;74;1
11;91;31;48;59
15;2;43;98;67
13;77;45;33;84
85;58;93;88;84
63;44;44;8;64
15;42;48;45;62
48;32;35;54;80
80;13;26;11;60
34;90;94;64;6
73;11;91;67;22
72;43;65;70;88
32;27;23;73;85
34;90;63;58;85
68;13;15;73;76
49;99;97;86;61
94;49;66;85;6
28;29;16;3;36
47;76;96;86;57
60;91;65;100;68
7;65;87;89;98
12;90;14;23;49
26;68;1;26;28
66;40;41;52;53
74;85;1;9;67
3;77;89;77;32
43;62;81;82;18
50;77;60;6;30
16;94;13;16;54
12;83;43;2;6
26;25;71;21;31
33;49;38;13;55
69;12;32;81;24
38;64;4;55;15
84;15;71;76;3
25;67;29;42;43
49;21;56;16;41
73;74;51;2;100
92;62;15;78;86
70;68;69;26;45
57;78;62;48;14
19;75;39;30;95
25;30;61;29;18
97;15;86;89;85
70;98;7;30;20
73;26;55;39;57
74;5;83;67;30
63;73;12;37;30
61;69;21;47;78
99;62;15;22;61
6;27;40;84;79
96;79;92;80;70
97;27;2;38;63
77;90;56;65;100
65;91;18;77;74
12;49;63;38;85
61;84;68;84;17
1;99;5;74;96
74;46;86;62;39
61;18;16;3;18
24;97;26;55;56
76;55;7;56;17
80;84;76;6;87
31;100;17;44;63
73;21;17;44;85
38;50;65;82;89
95;1;30;32;63
7;58;51;3;74
90;15;8;20;46
13;40;71;16;95
94;20;78;89;20
72;10;93;52;58
2;94;31;75;30
92;13;55;92;96
86;100;85;33;4
6;40;90;12;2
28;48;65;15;93
42;87;51;22;37
27;28;1;97;40
54;61;23;26;78
37;90;57;18;83
61;66;28;90;16
68;84;90;67;70
84;72;37;62;23
30;93;18;83;75
97;90;11;73;96
35;91;72;23;61
68;61;67;4;36
3;11;51;96;34
98;3;25;74;95
31;64;75;33;27
3;4;41;76;19
17;27;61;30;98
67;15;79;3;28
99;66;75;91;93
83;38;100;51;47
35;97;85;72;99
34;62;49;77;58
98;36;76;27;79
28;81;61;89;45
84;90;78;1;13
55;53;100;38;65
69;11;58;58;83
14;50;27;64;100
50;61;59;40;45
96;50;67;60;80
93;47;100;46;61
40;83;1;23;73
21;22;26;49;14
97;23;11;92;29
38;53;28;70;76
5;97;80;91;21
1;1;86;100;65
88;26;69;44;55
2;93;14;13;78
52;45;1;55;87
70;15;14;13;35
88;6;100;49;52
17;37;92;8;31
94;90;52;62;23
80;98;73;97;14
73;24;97;54;6
15;3;68;59;4
90;68;38;7;38
80;58;100;56;39
98;45;88;100;91
16;34;8;22;37
35;96;49;70;76
77;27;100;77;30
26;67;12;31;58
86;87;99;2;76
95;19;54;2;14
84;28;57;10;85
72;55;72;35;23
91;39;97;61;29
33;24;50;1;20
80;8;95;63;76
13;29;58;59;88
69;57;69;62;26
53;80;5;7;87
60;53;23;100;53
81;13;5;78;77
70;60;12;11;21
84;58;34;4;23
36;32;66;91;1
53;65;9;71;5
58;22;77;45;42
19;41;73;10;85
33;69;71;72;47
98;33;96;87;3
50;36;62;81;12
44;18;60;28;98
65;87;72;77;72
27;9;52;37;49
12;49;9;81;22
33;50;54;51;56
77;8;78;15;54
43;21;77;87;19
41;95;92;48;14
27;73;41;49;45
60;87;98;85;83
57;48;46;1;19
39;27;1;16;66
38;73;92;34;25
82;53;28;5;16
25;29;67;76;37
38;15;22;46;55
46;56;41;80;24
63;46;88;49;74
59;98;55;77;71
89;54;43;14;15
34;80;57;32;67
99;82;65;6;83
17;5;93;60;45
62;69;48;49;49
52;65;60;80;69
45;91;66;13;26
73;78;16;46;9
97;68;11;72;64
10;19;30;27;16
75;57;97;78;92
41;30;68;42;51
4;87;58;63;35
6;48;69;72;61
6;51;75;57;33
88;88;9;5;18
13;96;98;76;38
96;3;80;32;21
90;66;50;4;39
4;22;38;34;80
99;35;51;44;73
79;73;51;5;93
54;57;54;71;39
100;71;60;14;22
87;47;30;98;48
37;96;58;79;42
55;87;100;90;68
84;37;74;28;49
91;54;73;99;58
54;93;68;30;27
27;8;6;50;66
22;94;88;69;41
22;90;45;52;13
43;24;18;60;94
70;18;31;69;53
71;91;75;7;66
31;64;17;92;41
8;24;67;47;13
98;7;33;21;94
61;71;44;51;87
57;54;50;33;18
28;49;47;60;35
10;19;72;77;11
36;85;47;3;14
23;61;22;97;10
44;89;34;88;58
58;80;37;40;47
32;63;20;22;99
4;88;27;10;9
20;16;97;91;92
6;57;83;66;39
4;6;36;29;63
39;40;66;55;3
91;56;19;70;41
58;74;98;22;99
88;23;35;51;27
82;47;90;77;42
7;64;24;32;84
32;68;35;65;43
77;64;10;4;71
42;45;60;94;87
85;99;33;90;45
25;95;29;29;98
18;95;36;46;32
52;51;59;62;24
31;2;31;15;20
24;91;5;30;90
69;11;26;4;89
96;10;84;51;86
7;91;84;99;73
93;19;21;57;59
29;53;65;60;53
60;96;90;17;100
55;79;45;85;26
86;93;56;73;47
33;83;47;84;32
24;30;78;20;47
5;72;81;85;87
78;52;14;84;100
20;41;58;38;91
79;31;11;81;59
44;40;49;39;70
70;8;31;64;54
33;25;79;68;98
54;54;53;94;76
37;61;76;45;57
42;100;6;16;79
33;24;81;73;38
3;37;59;21;63
71;6;43;87;24
39;67;89;40;5
19;40;99;83;69
8;49;99;35;5
25;71;38;7;23
86;6;11;85;18
18;92;3;21;75
36;78;21;69;86
89;79;29;97;28
15;15;77;92;2
54;46;73;89;3
46;14;45;59;13
43;17;68;30;17
75;17;67;13;38
15;36;60;83;53
2;60;5;17;32
89;4;11;87;16
29;71;85;51;41
67;96;28;56;33
79;20;56;63;47
35;60;93;52;9
13;13;17;10;36
47;14;12;46;40
90;49;11;62;48
28;59;97;3;76
12;30;4;7;78
24;33;37;72;67
86;8;57;61;36
58;4;6;22;70
3;81;59;61;50
78;51;25;82;34
49;51;93;34;81
34;3;9;50;28
66;55;90;43;85
78;15;14;90;1
71;17;93;54;94
19;82;16;90;30
48;16;89;25;11
9;71;26;62;16
13;53;19;98;88
48;83;93;96;93
99;15;72;5;8
97;21;98;61;13
29;28;57;34;93
56;90;63;5;19
20;23;22;37;70
34;91;95;72;42
4;95;25;68;52
42;61;51;13;75
80;90;24;29;85
38;58;16;79;85
1;68;55;18;85
35;58;83;99;29
91;43;61;7;14
36;59;42;39;74
12;79;79;47;96
11;67;14;30;27
66;60;37;61;26
43;50;93;86;35
60;94;89;82;90
42;17;69;64;72
31;94;54;34;57
89;98;21;32;72
51;32;86;40;39
98;26;80;34;16
5;63;62;47;65
25;80;38;74;51
98;81;100;3;89
91;25;19;18;6
9;84;91;84;17
37;57;92;86;32
46;37;97;85;98
53;22;66;23;16
71;26;57;80;66
85;59;57;97;78
7;89;38;91;100
56;76;97;22;88
33;62;100;72;81
8;41;29;54;25
55;96;23;82;69
5;23;86;99;2
64;83;83;64;53
84;27;31;9;94
73;71;8;51;46
83;52;73;88;1
38;70;87;45;79
78;21;37;39;55
82;55;16;49;39
55;49;49;90;71
90;6;51;92;71
23;75;78;17;8
54;89;34;69;89
41;29;12;27;57
50;62;33;36;59
37;79;46;19;14
15;6;54;5;53
28;68;74;62;9
32;11;63;31;35
65;49;65;77;8
39;20;55;47;85
8;94;27;40;68
11;43;6;53;3
84;23;11;5;57
35;98;94;8;95
2;38;73;52;10
35;71;82;71;27
90;55;28;51;61
7;58;74;18;69
40;8;33;54;1
66;4;57;50;89
42;67;40;62;83
69;61;79;40;29
80;60;57;3;5
80;41;18;90;40
53;32;54;61;16
51;21;22;76;61
21;74;95;29;72
55;100;82;3;82
21;7;14;13;99
99;96;10;44;75
55;27;1;45;41
10;6;23;100;16
20;67;72;91;81
97;6;19;84;63
64;90;24;55;17
5;11;93;24;18
25;61;82;96;68
36;86;27;72;59
38;78;86;71;1
10;46;39;16;7
24;62;13;33;96
41;2;62;32;45
66;100;45;26;76
32;30;34;74;1
77;35;100;25;79
35;69;56;5;96
11;6;94;41;85
5;88;81;20;83
63;41;14;46;100
2;56;6;41;54
75;65;1;74;83
81;42;16;17;34
20;67;55;49;95
38;64;22;86;3
2;76;74;98;54
29;71;8;33;32
14;43;61;60;96
90;53;58;47;29
17;72;69;15;60
14;43;13;43;11
67;21;64;31;37
47;91;14;95;38
4;91;14;41;27
92;81;94;99;74
7;86;94;8;83
4;95;31;100;82
52;14;59;12;62
38;32;34;10;15
85;5;91;24;49
25;22;8;95;14
50;73;100;43;100
6;65;3;46;46
82;31;82;12;13
15;21;96;71;49
4;99;81;60;25
86;59;15;83;56
68;8;53;93;8
14;64;16;87;96
72;87;79;93;73
19;9;74;98;39
68;5;14;90;53
63;68;85;27;65
89;6;6;89;29
12;41;11;96;74
2;84;72;64;77
10;64;62;56;71
97;20;13;67;85
21;77;11;46;67
1;6;79;39;48
78;30;37;77;65
76;4;6;4;30
96;88;16;43;20
51;75;85;64;64
68;74;84;47;3
57;48;69;50;10
72;99;29;66;29
50;62;77;56;52
72;51;51;65;66
47;1;88;74;79
41;81;89;73;77
13;47;34;100;95
71;100;23;72;31
83;66;7;52;37
98;92;50;54;60
65;70;51;20;28
40;24;3;40;14
3;66;22;73;30
30;59;23;64;62
22;45;59;83;55
64;79;22;22;14
66;3;68;66;81
36;2;60;13;51
9;3;1;20;10
98;6;84;15;45
36;49;67;44;55
67;38;23;81;94
59;38;93;59;31
23;34;94;31;10
91;67;13;85;56
59;35;79;19;48
53;27;30;4;47
28;27;43;63;66
63;31;100;41;81
28;47;95;75;6
62;74;57;1;93
45;45;55;27;30
92;74;96;31;16
88;87;70;50;75
58;94;47;67;66
56;30;82;80;94
81;68;93;7;76
19;57;56;50;69
2;3;94;85;26
74;72;66;93;36
43;42;38;6;69
21;20;87;81;69
77;52;61;95;36
25;21;37;31;57
41;27;24;77;37
35;59;60;38;14
45;46;21;4;88
89;69;46;15;38
80;55;73;44;12
82;39;42;35;30
17;8;15;30;73
87;19;35;86;97
26;91;76;93;28
49;47;51;31;25
49;50;70;77;85
82;93;58;45;78
86;58;89;76;74
16;31;62;64;17
78;75;1;1;3
98;43;69;9;54
24;4;62;59;17
72;4;14;67;90
51;76;75;21;81
17;11;51;2;69
62;90;62;20;68
89;74;90;15;27
58;6;18;31;93
30;93;84;14;68
90;97;54;96;3
2;40;45;89;7
84;1;92;40;81
31;84;69;79;48
42;55;29;45;46
23;33;18;2;38
22;92;78;77;67
14;33;59;2;82
49;30;95;54;62
8;62;25;22;67
97;16;38;20;22
37;5;51;68;77
30;55;41;39;89
30;16;87;82;87
63;5;53;47;80
79;22;73;1;85
92;5;79;14;24
2;2;18;41;37
27;5;37;17;52
25;55;73;94;44
11;3;28;25;90
13;17;52;86;58
8;13;97;7;32
13;53;38;80;59
83;37;75;95;69
56;44;42;5;98
78;51;100;66;59
43;27;93;22;96
81;26;34;80;86
94;54;38;48;78
15;76;68;21;72
24;70;2;55;52
10;46;13;86;93
97;68;98;24;84
54;84;37;28;6
63;65;87;91;80
30;77;5;29;95
75;27;27;54;38
44;91;59;77;28
11;21;47;62;81
42;26;34;1;90
55;71;78;62;48
37;54;95;71;57
70;90;67;85;41
64;82;79;36;66
26;67;81;68;94
2;32;95;11;21
60;23;93;48;15
60;32;42;46;2
54;83;27;71;83
99;38;25;46;43
23;72;58;5;49
65;24;34;15;37
100;5;51;49;64
7;90;98;37;70
41;97;87;62;79
33;16;67;68;60
100;13;51;12;7
66;40;45;7;90
19;87;1;72;19
54;43;23;65;94
76;16;2;35;2
79;39;91;75;55
72;9;13;54;25
70;33;47;69;90
4;53;33;23;56
46;28;2;44;73
28;54;64;95;57
65;35;57;14;14
20;38;93;58;61
16;3;54;55;95
34;99;79;45;42
95;10;73;3;53
89;23;44;52;76
88;74;12;43;40
63;50;65;64;7
51;66;1;57;44
71;42;12;70;56
76;33;24;63;14
100;33;44;32;64
86;1;64;9;82
51;71;35;25;58
36;27;88;27;25
81;28;77;23;12
36;44;69;52;77
66;76;40;84;98
23;69;92;77;8
10;24;15;71;2
6;82;13;90;60
89;94;73;50;63
37;98;59;94;79
84;35;14;16;87
50;10;66;55;81
69;37;55;28;33
31;100;39;45;89
6;10;66;22;28
25;13;48;47;95
24;87;21;1;89
80;64;12;65;98
80;13;73;46;34
100;80;72;5;60
95;79;67;88;36
59;67;52;66;89
89;96;52;18;73
47;12;52;20;69
30;88;77;84;36
32;28;88;100;98
55;84;64;48;31
22;28;9;48;97
2;37;96;70;60
24;92;91;65;13
68;5;98;65;39
2;100;76;73;73
2;51;33;78;84
59;46;84;8;38
95;62;57;29;18
91;60;17;69;93
5;31;77;31;10
10;83;8;49;60
63;4;34;39;82
4;80;48;14;5
33;12;2;65;63
10;53;88;50;19
25;53;39;97;91
58;56;13;22;5
100;28;10;33;60
56;76;55;45;3
32;97;31;26;41
86;80;41;3;34
19;3;68;98;9
49;5;52;75;2
33;5;50;51;85
27;30;86;43;75
28;45;42;19;59
57;75;73;53;17
84;28;79;49;72
64;62;98;59;53
94;30;95;40;23
96;65;96;36;78
30;77;6;29;56
5;92;53;66;52
39;78;23;66;60
11;18;50;45;20
44;5;47;33;97
76;92;53;33;52
43;10;18;24;30
82;43;19;94;69
55;77;42;59;74
48;64;20;38;39
74;47;35;15;67
44;70;66;11;2
60;76;80;95;71
57;5;68;81;69
26;32;97;38;48
32;48;50;99;54
27;34;86;28;71
44;71;62;89;26
96;67;52;4;4
48;29;31;99;52
58;65;80;95;85
41;66;21;42;81
51;96;57;10;50
92;13;4;45;37
40;42;18;12;16
86;17;98;81;44
92;84;30;34;86
42;37;90;52;100
21;76;43;92;14
87;26;21;2;100
25;47;26;67;98
87;49;49;28;20
69;34;46;88;36
37;95;38;41;76
47;31;59;81;61
77;66;28;54;82
44;82;71;7;18
100;25;29;100;84
76;95;90;52;45
5;54;1;73;57
57;24;25;8;39
3;26;46;4;83
19;80;79;72;21
83;74;41;29;69
20;51;66;13;6
34;57;54;10;14
21;4;15;98;22
64;26;47;99;93
36;30;100;72;46
98;79;82;38;99
93;58;27;50;29
29;33;26;23;24
26;50;79;69;10
27;73;99;100;52
55;45;56;19;36
13;64;6;48;89
49;85;42;29;84
38;15;36;96;8
79;76;69;76;4
3;88;40;30;12
24;87;75;58;79
20;28;76;36;62
32;16;5;88;38
27;3;38;42;21
42;22;76;11;16
43;33;42;27;90
89;12;47;30;10
89;51;96;58;96
79;1;10;90;64
59;59;15;76;99
27;44;96;65;33
38;36;98;32;47
46;53;55;45;76
64;100;1;92;58
25;9;6;40;40
92;57;92;44;41
16;66;26;31;51
4;45;40;31;15
5;78;35;62;8
5;69;68;38;21
18;89;31;73;21
77;63;24;89;11
16;20;60;16;20
34;91;95;11;32
59;84;24;61;66
66;49;84;24;17
25;47;25;78;52
1;51;93;43;33
52;17;71;18;62
94;91;48;20;29
27;16;35;51;82
86;79;82;31;54
64;69;52;100;98
1;84;17;13;9
73;18;95;28;25
55;6;29;14;100
37;94;16;93;55
34;77;5;31;89
71;31;99;2;24
5;42;30;26;75
54;3;97;88;34
72;44;81;76;74
33;41;48;92;23
60;84;57;44;37
50;8;47;46;65
28;99;64;79;11
34;21;10;85;26
64;69;85;58;88
12;48;4;47;9
26;80;75;18;22
74;76;86;91;21
64;52;69;19;87
19;98;93;89;27
80;14;40;24;99
24;100;92;41;38
17;44;43;80;28
19;13;32;68;78
9;27;9;34;96
100;17;7;51;35
18;93;49;4;70
74;45;27;42;88
29;78;12;4;83
14;55;41;51;13
94;84;72;27;40
18;29;46;34;37
96;54;65;38;46
69;74;96;84;82
11;90;83;84;49
91;1;55;3;9
8;25;27;52;54
21;28;80;17;57
39;20;57;86;67
87;79;33;24;13
67;58;27;63;1
39;29;80;45;57
60;12;74;83;84
66;46;8;50;49
32;88;54;44;24
24;58;81;34;5
31;38;67;39;69
54;92;86;26;100
71;79;49;77;79
87;57;72;57;94
76;67;45;94;35
15;89;54;65;40
2;89;32;35;4
43;41;30;65;37
8;93;41;68;15
85;69;12;11;23
25;57;76;80;15
46;13;68;93;61
88;35;21;6;1
54;43;16;9;4
68;45;75;91;65
97;10;7;65;61
42;92;85;30;71
77;2;92;54;61
74;84;92;98;7
77;18;54;11;6
55;12;6;81;84
81;40;74;92;25
86;7;80;23;36
79;68;79;46;7
20;52;5;49;77
74;52;81;52;16
51;91;23;94;35
13;33;38;76;100
6;81;70;58;24
27;51;24;28;49
62;33;66;53;39
28;74;83;48;15
42;16;39;36;5
28;41;14;69;74
54;59;45;29;26
80;31;41;92;91
28;94;14;50;27
89;41;29;58;93
96;89;72;6;79
42;93;8;95;97
1;71;44;38;3
9;46;43;12;92
92;93;30;99;94
80;58;9;61;6
24;8;29;94;51
11;14;90;31;17
59;60;29;31;47
78;42;100;98;83
11;75;27;6;61
24;79;27;94;70
8;46;51;41;100
71;52;70;32;31
76;11;45;39;53
61;58;97;80;37
100;96;47;16;33
71;86;88;89;35
6;43;91;29;26
12;73;79;40;32
15;62;61;47;6
72;28;7;86;25
30;49;73;10;87
13;30;22;19;85
8;5;89;52;87
85;98;76;68;84
70;6;42;59;26
82;25;8;67;91
6;81;61;54;21
89;19;62;17;6
55;72;50;68;93
68;61;72;57;28
95;61;71;60;79
4;64;90;82;49
46;49;27;18;22
15;1;33;51;76
89;85;65;100;16
85;14;7;30;46
19;87;28;56;17
46;23;74;93;2
97;8;50;8;95
47;18;45;3;18
45;85;31;66;43
65;3;81;100;32
34;29;73;61;80
49;33;71;28;92
45;16;80;85;73
65;36;75;84;93
38;38;41;27;68
31;25;18;50;36
53;59;98;63;15
5;43;60;50;27
66;7;51;26;19
58;75;53;9;52
12;51;5;60;26
98;57;41;3;87
64;74;75;56;30
41;40;50;81;29
18;53;2;57;32
67;100;91;32;46
61;85;72;66;68
60;10;86;50;40
92;34;14;80;24
8;49;5;40;47
20;30;43;31;62
55;65;66;38;74
21;28;47;11;76
20;79;41;96;20
30;31;88;92;17
29;72;53;57;8
21;12;96;36;9
29;93;36;60;80
57;44;72;55;33
61;60;91;6;24
19;87;83;91;40
74;58;75;73;64
71;16;99;11;43
14;20;17;8;88
57;92;2;37;61
10;85;84;11;3
17;94;25;28;68
45;71;49;97;76
52;6;1;62;41
38;24;3;61;58
92;66;79;18;72
21;52;89;41;83
51;72;27;48;92
45;64;28;80;38
7;21;26;37;99
30;95;48;42;92
60;78;56;20;2
10;70;39;7;7
8;3;92;76;74
34;56;37;53;22
90;5;10;65;92
20;80;7;85;9
12;48;19;2;84
35;65;75;49;96
14;53;47;44;9
79;47;88;11;76
8;50;62;37;37
23;80;62;77;61
95;56;7;40;82
81;71;98;91;45
7;85;18;90;59
74;57;12;27;25
93;25;30;46;31
63;64;94;96;96
42;83;54;37;24
38;46;49;51;39
74;31;45;64;39
98;53;85;97;69
17;43;48;46;51
49;33;58;88;90
56;61;57;61;31
89;9;27;57;54
91;50;49;29;72
65;42;99;17;31
5;91;49;3;30
7;89;33;34;36
66;61;38;92;55
95;21;76;69;8
62;82;97;2;19
16;53;53;100;71
33;41;95;32;35
46;39;77;5;33
64;27;85;7;64
38;48;65;1;20
52;2;47;35;69
8;98;88;2;67
67;66;64;32;95
13;43;85;12;26
89;31;75;49;75
56;65;58;60;7
54;51;23;30;96
78;69;46;89;80
33;74;58;33;66
36;30;15;24;47
37;77;85;97;57
51;17;45;69;46
50;64;65;4;4
51;89;56;64;82
60;53;90;11;92
71;89;49;61;11
25;92;94;55;84
97;57;8;54;99
82;32;71;17;21
64;56;46;63;94
19;52;68;45;9
54;100;97;54;18
29;89;77;15;47
45;24;79;46;72
4;58;87;69;2
76;89;99;3;10
57;8;34;58;45
86;78;21;10;77
58;44;21;82;37
18;55;99;75;66
7;44;8;15;53
49;97;8;68;23
31;98;78;26;17
63;50;20;7;12
18;27;13;34;43
89;11;19;80;6
58;9;11;61;45
94;28;78;4;38
30;12;55;76;78
59;80;59;21;81
37;34;56;54;76
87;65;93;1;82
6;33;30;35;35
61;96;71;42;96
1;66;69;69;21
35;69;77;65;2
23;59;41;55;26
70;24;92;79;25
6;81;17;95;52
9;6;27;34;47
22;23;5;68;19
90;93;42;18;28
93;56;53;60;88
49;46;65;72;98
73;36;39;47;67
90;29;95;42;10
83;12;18;48;32
13;40;72;98;49
38;64;12;71;12
16;36;67;65;69
42;11;48;29;98
78;54;7;93;17
34;11;39;38;28
1;79;27;3;80
41;87;45;54;93
89;17;84;92;7
87;21;93;40;14
86;39;90;21;70
44;68;60;61;17
88;48;1;64;77
89;2;21;72;2
21;74;72;41;73
27;59;12;15;91
74;68;74;75;77
84;16;73;31;65
4;35;86;70;54
54;61;67;89;2
87;97;60;15;36
37;48;5;67;61
42;38;87;78;7
55;86;38;65;59
83;63;32;11;38
80;37;80;81;29
49;97;43;92;43
14;47;91;75;50
81;3;19;35;77
91;83;13;27;78
11;42;72;46;11
1;33;20;43;28
76;44;61;64;14
74;35;23;1;36
67;92;35;11;13
100;83;47;87;30
80;31;54;55;50
86;53;10;61;100
20;64;7;52;37
20;45;11;14;3
63;38;2;36;7
39;72;51;2;66
42;21;47;14;92
96;1;34;9;48
5;42;52;47;68
38;55;19;60;60
2;8;46;70;47
71;27;48;40;64
11;78;32;26;46
73;73;84;39;24
10;98;50;46;40
71;76;6;90;89
79;69;8;51;55
39;76;46;53;96
52;14;53;93;71
96;88;19;78;88
6;80;31;83;47
98;8;31;74;48
93;13;97;39;29
77;68;30;53;13
81;13;44;73;32
28;70;97;82;42
45;71;79;18;54
35;3;62;82;27
16;24;99;10;35
85;12;45;18;45
60;54;3;59;15
59;26;26;21;25
14;31;50;53;37
80;16;70;48;88
38;89;82;11;3
8;69;47;77;31
94;37;97;51;50
49;43;21;80;9
53;69;83;25;93
40;38;81;93;87
18;97;53;56;61
68;65;4;23;65
19;16;93;31;82
15;74;50;33;30
90;6;56;78;17
2;17;37;77;88
75;25;67;17;74
67;98;15;72;43
33;46;69;3;80
54;13;17;99;55
23;20;91;82;96
23;10;7;46;25
29;100;64;25;32
39;72;91;39;1
26;78;24;81;64
24;50;40;21;65
85;76;81;44;7
55;86;7;47;4
18;20;84;38;92
92;41;36;89;1
79;95;8;91;33
35;47;87;83;73
34;13;16;7;22
44;31;54;25;13
38;8;37;63;3
47;6;9;92;94
6;20;38;61;52
48;100;1;57;25
85;72;49;68;40
40;42;41;46;46
92;89;93;27;53
82;62;70;87;20
44;64;67;24;83
90;50;26;13;87
93;58;10;50;16
53;24;25;78;55
47;94;83;87;92
84;39;92;28;91
28;26;78;10;49
40;31;28;16;68
15;1;40;54;40
12;67;32;7;78
69;11;93;23;84
91;81;27;64;5
83;33;87;27;85
52;39;46;34;47
99;32;62;27;65
32;84;16;6;29
16;21;22;88;10
73;10;11;62;33
82;56;67;86;69
87;38;9;100;30
16;24;33;1;55
9;27;57;37;24
46;49;84;69;34
23;89;44;70;31
3;23;45;31;93
57;87;99;80;91
12;16;19;25;53
22;89;44;24;61
61;14;86;73;50
90;12;90;81;28
26;7;100;57;46
57;23;59;76;66
53;59;33;65;48
99;22;33;76;60
37;32;42;57;87
88;62;26;79;90
61;86;34;27;50
88;39;86;86;2
59;91;65;99;55
31;75;18;54;44
53;17;53;76;61
45;13;35;78;35
76;97;30;17;85
59;51;17;2;9
14;81;86;30;19
35;59;68;56;60
72;60;9;13;73
89;16;71;97;91
80;71;24;23;48
20;65;38;40;49
99;29;89;15;22
80;23;76;31;36
99;11;19;27;93
84;38;91;28;84
78;60;29;49;94
33;55;90;80;68
51;68;99;10;38
40;25;46;69;59
63;56;34;15;25
18;88;29;55;75
41;49;85;12;11
49;90;8;80;85
78;8;63;54;21
57;98;39;92;45
67;65;12;73;69
55;9;86;76;24
25;35;12;16;67
16;79;10;19;99
73;92;98;46;75
75;90;58;9;54
42;67;29;93;11
61;41;48;68;16
6;10;64;60;59
96;73;53;40;51
40;28;69;23;81
73;75;86;95;66
42;73;77;36;85
14;9;100;38;42
8;93;93;7;58
28;14;26;1;62
23;78;68;15;56
54;70;67;89;20
64;100;35;85;58
43;40;15;87;36
89;15;43;27;48
88;99;5;10;18
6;65;69;53;100
31;38;99;37;23
42;11;61;71;67
42;66;100;36;2
23;66;60;74;5
15;60;55;13;27
51;39;17;97;23
46;55;40;90;86
55;27;93;84;75
13;40;13;59;17
92;72;27;66;70
20;85;74;61;67
35;13;9;4;56
47;34;80;73;37
71;51;45;51;41
81;22;62;45;23
82;20;6;73;60
8;63;100;34;14
70;26;19;10;58
22;45;19;87;34
17;96;68;49;19
47;16;75;51;67
12;77;19;31;94
57;18;75;98;72
37;49;8;14;98
26;39;65;76;32
87;86;64;22;15
62;2;52;31;7
56;51;22;31;59
6;94;89;39;75
28;37;19;51;27
22;43;80;86;8
14;3;48;60;73
12;50;2;96;48
59;7;1;26;60
19;35;8;57;81
90;88;66;90;16
44;87;97;73;31
54;79;76;28;92
1;85;20;41;79
82;55;1;27;9
43;38;96;38;71
31;96;6;60;97
13;29;50;78;83
77;22;94;64;73
7;90;24;96;18
87;74;33;2;47
51;67;44;6;97
74;73;81;3;99
99;93;7;48;94
81;58;7;27;12
15;15;48;21;24
51;7;83;47;65
6;21;31;38;71
4;37;27;87;8
85;9;9;2;77
97;90;79;47;56
58;35;20;27;24
86;34;56;44;34
98;2;61;51;14
61;63;42;41;94
57;67;8;88;98
62;47;64;58;58
5;50;85;63;86
24;27;51;93;60
57;100;43;72;31
39;1;36;4;96
10;28;87;72;14
75;86;72;42;41
42;36;37;41;29
55;97;40;65;90
37;1;41;83;26
19;7;4;20;23
66;44;94;46;66
64;63;44;35;6
73;21;12;4;58
73;60;35;60;72
12;1;15;47;48
33;66;99;49;65
92;64;41;97;60
62;53;97;81;1
17;13;6;25;71
33;6;44;55;95
82;39;82;93;82
54;67;10;66;43
76;100;89;22;69
39;60;38;34;89
37;50;10;95;97
93;12;8;85;86
44;38;60;6;55
5;7;73;76;87
63;21;9;15;72
14;33;5;90;100
76;5;6;49;34
94;43;65;60;45
26;46;54;23;45
11;28;100;20;45
45;4;79;76;59
72;40;24;87;24
95;48;70;67;69
98;88;64;96;71
3;74;25;96;24
41;91;16;26;36
57;58;29;22;59
43;78;90;50;52
14;88;99;82;1
52;78;40;61;62
75;74;98;99;58
46;34;72;93;100
91;97;34;57;8
97;43;30;26;91
85;29;72;16;19
12;23;56;96;61
94;89;23;1;61
5;8;31;24;68
81;53;95;86;66
71;31;98;41;70
21;81;21;13;80
56;43;80;98;31
30;22;49;73;93
5;29;30;49;6
42;21;90;85;92
3;4;87;69;43
25;35;60;73;36
98;8;53;90;41
6;35;56;70;42
7;17;86;19;37
46;84;26;6;12
8;16;68;70;3
69;82;26;18;76
45;77;28;18;99
100;99;1;55;22
82;54;56;8;82
86;64;27;32;41
15;50;26;59;84
12;75;47;66;63
62;9;18;2;10
71;35;34;1;3
83;35;65;44;62
20;68;50;42;99
98;100;8;6;20
11;78;62;19;6
20;82;55;2;68
1;19;73;53;98
19;25;49;65;68
99;71;64;66;36
35;32;63;85;19
80;50;75;84;65
33;72;54;68;9
19;31;98;43;44
48;81;99;78;1
79;21;17;31;20
72;53;7;41;11
50;61;66;68;60
17;92;60;4;80
83;10;91;91;11
22;80;71;74;18
55;32;52;74;72
76;70;62;26;28
58;31;86;70;9
63;100;95;69;33
87;1;44;79;43
7;91;36;85;7
5;82;94;73;24
7;98;14;87;39
3;90;50;25;79
97;48;80;78;82
98;91;49;94;85
63;1;55;7;95
51;84;80;62;14
53;79;14;73;39
84;57;69;4;90
78;92;67;88;98
75;60;91;39;50
93;83;18;39;47
32;47;37;94;91
77;34;39;87;67
42;25;7;95;98
19;92;68;45;19
57;34;99;5;50
81;58;41;18;9
67;71;60;7;37
79;21;92;63;92
94;67;67;100;81
57;75;82;3;15
72;27;73;93;13
79;18;70;30;87
75;67;1;17;92
8;51;3;18;51
35;1;52;58;65
50;5;9;1;5
54;13;98;79;68
94;88;98;83;76
48;7;16;38;16
21;73;79;27;46
89;13;74;7;57
58;48;81;1;82
98;47;74;38;81
6;79;26;46;12
93;93;4;3;42
31;70;70;14;94
90;6;91;37;27
17;48;68;80;40
98;76;39;43;35
38;89;97;18;86
92;31;29;10;59
65;68;35;45;12
13;36;35;25;85
95;4;6;75;33
9;22;85;51;40
3;63;21;88;79
17;29;3;24;61
38;26;42;19;20
22;65;10;92;96
17;97;17;66;98
25;18;73;34;63
47;17;8;90;47
55;77;37;88;63
2;32;82;94;17
12;8;21;67;63
71;6;89;91;81
97;1;16;9;50
47;7;68;77;11
12;51;58;97;13
44;39;54;98;53
3;28;47;23;96
53;31;60;80;41
13;68;79;34;51
36;44;3;87;79
67;77;62;21;42
51;44;36;67;32
53;60;85;63;39
96;47;83;92;45
8;63;18;86;73
96;71;24;20;73
75;67;98;2;95
57;72;35;96;20
53;61;76;28;45
61;78;91;82;4
6;11;48;87;24
11;4;42;27;94
55;79;83;7;49
42;20;92;91;12
61;79;84;82;86
44;22;54;7;73
28;7;37;71;76
98;59;48;74;54
81;44;22;63;67
77;58;67;4;49
13;13;98;48;91
94;23;70;87;84
72;70;70;5;71
58;8;27;39;22
95;42;27;98;74
56;38;73;15;66
54;7;62;27;82
39;19;72;55;24
38;9;42;53;99
17;3;47;5;98
68;14;89;12;12
78;46;6;86;60
97;28;92;43;100
72;47;92;13;57
92;22;48;77;73
31;59;60;19;47
86;60;8;31;72
95;27;7;28;66
52;42;26;69;83
50;29;96;77;31
52;61;59;69;99
63;2;51;50;89
63;56;34;77;64
6;100;53;47;79
26;43;96;33;94
96;94;48;46;10
36;3;62;1;76
67;58;30;30;9
17;16;98;44;29
22;58;16;63;34
14;9;47;95;81
79;4;99;90;26
82;44;47;27;54
63;17;60;2;3
13;44;34;39;69
55;75;15;27;38
39;37;32;28;79
95;45;44;10;48
5;22;34;90;7
21;8;61;54;54
71;11;72;9;49
59;19;22;95;88
100;71;4;77;22
63;91;41;66;89
62;21;31;50;67
56;54;2;61;33
35;36;22;24;26
60;39;93;54;16
80;44;82;59;98
3;55;22;37;78
100;100;14;18;90
64;98;67;65;99
68;78;45;30;64
2;36;32;19;10
89;47;50;51;56
74;44;90;41;73
42;6;8;55;66
71;26;88;11;15
54;27;80;35;1
85;77;43;76;77
28;64;77;36;1
78;78;87;80;93
58;24;72;77;7
74;91;36;36;14
90;59;25;25;29
25;98;76;75;97
1;94;24;26;32
21;68;86;75;99
88;4;69;75;79
90;38;27;15;15
20;89;86;90;79
27;42;63;68;18
6;47;46;14;48
44;41;48;72;53
34;90;63;30;47
26;45;53;53;46
93;59;89;1;18
27;75;96;55;85
72;94;31;89;4
44;2;90;79;60
22;5;92;10;72
40;95;96;37;92
98;64;54;51;69
83;64;91;29;77
26;14;49;89;32
67;27;41;80;33
75;61;23;89;89
37;78;23;20;19
10;16;42;97;97
14;22;14;90;2
64;3;6;79;25
100;4;76;47;55
57;92;32;28;64
95;62;9;63;22
6;36;37;3;46
42;61;55;16;11
88;30;75;20;77
98;2;43;36;43
42;62;82;38;25
30;42;44;8;10
45;57;60;98;35
83;89;57;74;16
20;23;67;88;90
71;45;86;94;4
68;1;71;28;75
20;72;2;32;14
98;75;25;63;91
1;91;54;79;92
55;4;45;30;51
99;45;52;29;43
40;19;9;23;69
57;18;71;60;7
34;79;79;52;63
62;49;92;27;68
23;15;39;15;43
95;22;89;63;3
100;69;47;47;7
73;55;18;94;90
22;92;60;68;6
86;48;64;5;90
6;58;15;64;58
13;66;37;34;99
99;45;75;48;96
16;12;97;49;15
16;57;86;64;49
23;80;21;55;19
51;61;3;24;61
13;26;5;75;26
67;36;61;18;85
33;44;11;51;50
2;28;14;47;99
94;82;91;96;71
48;91;63;24;63
63;50;54;55;53
31;38;80;37;64
54;83;19;99;4
27;10;3;53;90
77;29;78;34;46
22;35;85;63;16
56;93;52;46;55
90;39;25;11;78
51;34;17;7;3
53;15;99;93;43
48;88;85;79;82
51;38;27;100;27
22;64;28;40;28
65;24;11;36;36
97;11;70;98;84
44;52;91;26;47
33;76;34;9;62
44;46;53;9;18
43;80;46;23;94
75;89;7;76;34
83;64;31;61;96
24;82;91;33;73
67;21;11;37;86
26;37;73;52;79
95;20;65;33;93
15;70;31;15;50
25;53;82;100;79
48;55;57;53;56
25;27;67;36;3
79;22;50;91;24
28;9;88;12;75
18;14;70;76;53
1;90;1;85;76
25;71;72;56;62
69;4;22;44;83
97;27;85;57;10
50;43;74;51;20
80;18;11;14;52
7;27;30;59;90
15;10;89;32;55
99;77;50;83;93
87;28;73;32;54
15;90;92;74;2
19;25;81;59;33
97;80;68;96;21
1;5;30;75;16
70;98;14;35;27
5;78;56;16;27
60;85;64;16;23
69;45;4;80;15
73;22;48;73;7
49;54;98;77;91
16;3;97;3;40
40;77;94;92;8
40;24;26;39;58
82;92;21;9;28
10;88;54;62;10
42;45;53;16;65
46;53;95;89;28
65;18;34;1;95
44;2;15;46;31
98;45;38;69;43
83;90;77;10;77
89;37;26;50;42
35;67;4;84;30
54;97;51;62;75
3;55;29;94;46
83;23;22;23;98
64;95;33;4;74
93;82;30;29;31
21;6;39;32;99
67;5;72;52;80
28;80;49;29;93
2;90;4;99;6
24;69;88;73;62
7;40;50;41;58
41;49;13;5;85
56;69;54;3;48
89;17;67;32;26
18;62;73;76;72
57;80;63;72;42
67;16;36;65;3
83;58;46;38;79
44;6;2;74;87
36;39;7;75;65
10;94;87;78;79
19;85;35;19;63
46;37;58;85;91
29;22;44;54;33
45;33;59;31;8
30;67;40;28;64
53;53;20;93;25
51;67;43;56;6
60;29;50;96;94
50;72;86;61;33
57;33;59;12;81
48;83;30;17;93
24;50;29;78;68
46;100;20;83;8
92;37;63;93;91
56;37;24;29;33
45;79;91;33;20
56;68;61;78;93
58;84;87;77;78
50;38;14;97;54
36;34;99;17;43
96;85;87;68;34
49;97;27;45;62
53;39;7;31;10
2;38;45;52;15
10;33;42;77;47
60;50;13;1;99
100;23;42;79;98
25;81;90;59;96
38;83;71;95;24
26;28;55;48;55
85;3;100;72;14
2;17;35;9;29
54;47;94;67;17
33;53;20;47;59
50;40;73;85;23
71;13;42;27;55
63;52;73;23;77
20;73;65;65;79
15;34;65;80;38
13;68;10;24;98
71;97;47;93;22
59;89;89;52;82
66;63;19;90;92
94;13;29;23;40
79;10;68;84;94
23;73;93;17;21
39;70;58;34;94
3;25;39;96;1
1;63;51;86;88
54;96;62;37;67
32;84;48;37;20
81;22;24;43;30
70;89;92;56;63
36;83;18;53;30
22;20;2;91;79
66;72;59;13;48
99;36;25;69;26
20;62;22;84;30
18;96;62;43;31
19;80;77;4;82
51;45;6;8;22
30;18;59;17;30
33;49;61;5;92
40;8;51;82;1
78;28;74;45;26
75;63;62;76;47
31;51;21;2;58
81;77;66;12;34
65;50;46;28;80
56;96;91;46;67
82;4;58;5;58
5;41;76;99;44
70;90;48;29;15
91;1;36;52;70
27;12;58;70;22
12;36;61;14;81
5;60;24;6;74
83;8;70;85;90
21;54;70;50;51
87;45;7;29;6
33;69;39;93;71
68;42;47;57;50
36;24;77;8;55
47;70;93;64;63
73;21;35;39;79
80;90;89;64;4
97;93;36;8;31
79;22;58;22;5
6;9;40;66;19
23;37;29;51;80
34;54;41;14;18
56;64;50;53;30
70;67;91;65;1
55;81;55;50;14
68;43;68;20;96
4;59;99;52;66
35;62;97;17;74
56;4;76;88;46
8;26;57;55;79
67;56;16;21;74
83;85;68;62;60
37;42;22;49;9
4;2;93;54;83
77;77;98;95;22
20;49;58;19;28
46;3;61;63;80
16;66;57;61;50
42;92;44;27;95
90;97;45;63;31
7;32;46;41;33
34;79;1;92;83
43;92;94;93;92
65;71;65;67;56
29;53;38;13;9
81;47;1;92;48
82;1;27;99;51
52;95;48;27;45
56;77;21;59;30
42;97;81;42;7
19;91;19;94;89
92;84;43;91;50
26;82;66;79;100
68;45;46;19;32
85;18;56;20;79
23;3;10;10;23
25;35;49;6;91
37;66;92;45;8
24;18;37;19;92
91;8;15;99;5
96;61;75;99;66
44;80;7;78;76
21;97;53;80;83
65;16;91;62;12
19;39;66;73;70
96;5;32;82;16
24;70;54;79;20
37;40;11;1;9
3;7;84;65;14
42;90;91;38;90
85;56;3;46;42
16;54;27;48;36
65;40;20;29;85
2;3;92;93;71
19;27;42;100;60
2;8;20;70;53
33;36;72;62;20
11;37;53;83;62
98;34;83;34;13
63;77;94;41;66
100;1;68;98;100
79;77;15;59;67
42;28;53;33;8
17;33;15;94;71
28;53;90;41;96
68;69;60;19;87
1;66;32;69;21
52;68;37;34;88
59;59;27;98;75
26;62;60;38;73
2;40;87;99;19
53;37;8;37;32
3;81;61;69;94
58;12;36;76;70
82;25;29;30;12
80;67;67;52;67
85;11;28;36;93
65;100;71;78;88
78;84;66;73;48
26;63;78;45;9
32;12;4;59;96
13;82;79;17;16
29;76;62;40;24
86;55;59;8;71
22;46;14;60;39
55;66;62;86;47
58;90;22;44;26
73;32;91;96;94
44;50;65;31;51
32;73;70;83;18
63;72;2;75;79
79;93;74;96;23
89;60;44;96;84
73;6;62;70;88
46;80;44;62;88
57;65;30;50;26
26;4;46;28;36
30;19;65;56;23
67;71;27;89;41
30;55;54;27;15
38;17;99;64;58
89;80;64;16;19
72;6;85;40;43
11;18;83;80;44
84;91;11;13;6
53;41;97;26;63
56;49;1;26;62
94;78;72;32;29
6;88;44;67;36
36;55;81;22;4
39;3;90;87;60
13;34;57;46;87
6;71;90;38;16
88;80;18;36;45
3;98;43;92;22
86;7;4;39;57
64;69;34;89;7
26;69;16;74;53
83;16;74;70;60
28;4;5;43;50
16;70;41;35;39
58;74;14;23;10
78;44;21;76;58
49;2;7;83;86
27;54;68;43;59
14;73;25;75;36
5;86;24;50;20
16;82;71;1;98
4;76;98;39;2
4;15;60;47;29
15;30;51;77;68
49;78;34;44;95
100;66;4;76;89
40;19;27;13;69
42;48;90;97;95
91;50;16;4;30
96;80;98;100;66
91;40;62;11;98
70;92;1;98;45
56;72;51;67;69
65;66;93;36;60
2;49;35;68;13
34;11;90;57;43
90;25;49;7;43
13;100;64;29;97
67;18;78;1;37
53;34;58;51;7
86;29;64;4;95
42;12;17;25;47
76;90;71;1;18
28;27;75;42;80
16;44;18;68;85
40;100;30;23;4
75;57;14;79;14
91;3;30;37;45
75;83;2;28;87
5;59;77;6;33
66;84;51;18;59
29;46;39;32;73
25;65;65;98;20
65;90;49;38;89
74;49;19;80;25
10;42;63;70;85
87;54;56;58;82
72;68;5;4;58
36;71;23;23;45
27;58;75;45;53
70;25;35;25;22
42;40;60;80;53
48;40;11;5;42
86;22;13;6;12
25;27;95;34;70
80;20;98;63;83
31;74;20;99;75
78;46;16;82;85
16;19;15;43;58
91;99;61;43;73
26;84;48;97;41
26;1;32;1;5
38;73;54;72;99
76;32;28;35;54
39;27;37;66;20
43;99;75;63;93
80;2;96;39;98
17;18;94;79;29
16;60;42;87;86
2;38;88;8;85
36;3;31;14;51
93;98;52;66;60
74;8;20;76;31
53;2;56;70;95
6;11;91;79;3
47;17;5;98;69
99;94;54;62;29
17;76;49;33;13
13;3;9;91;14
4;53;74;97;85
44;40;83;91;99
38;50;60;97;10
48;91;39;58;52
24;70;44;76;91
78;68;47;31;5
25;92;56;27;45
56;2;54;39;19
89;9;45;29;58
2;45;51;26;23
86;25;25;12;57
51;22;43;18;21
87;79;36;75;55
12;4;83;53;20
66;59;63;49;54
63;6;29;77;52
99;4;89;59;84
86;51;9;95;46
88;73;46;72;73
78;90;91;7;31
60;17;54;23;65
53;55;8;39;30
92;93;39;56;43
67;100;74;47;100
96;100;90;88;68
90;87;66;96;50
45;27;26;62;97
54;85;35;85;66
93;100;45;46;91
53;98;19;34;98
40;47;18;17;71
48;65;14;74;36
33;84;47;95;4
30;43;75;49;34
40;40;4;77;6
88;58;86;17;24
67;27;92;33;59
42;16;51;47;19
76;74;83;89;22
73;93;99;81;9
74;1;24;77;59
33;39;5;76;15
18;65;65;44;33
66;3;58;61;35
22;30;89;27;83
79;33;18;35;1
54;37;43;50;21
58;41;43;97;47
39;14;64;20;15
85;25;100;4;3
49;100;58;55;21
62;44;29;41;69
94;39;16;86;56
33;53;36;100;94
61;74;28;42;28
38;35;93;5;10
24;57;56;87;98
28;63;54;94;18
78;68;3;89;89
40;40;2;30;2
90;55;73;70;53
75;6;80;38;13
1;100;12;77;79
46;29;55;42;99
54;31;36;34;16
4;21;69;32;61
51;35;46;76;6
100;13;98;71;17
22;93;50;80;25
17;61;1;1;56
13;18;16;12;15
95;49;3;11;100
11;14;37;100;6
66;12;45;44;78
71;52;56;53;95
23;19;64;49;64
1;67;43;100;100
56;75;90;7;100
14;49;24;58;87
31;11;74;96;53
99;49;70;22;31
17;17;84;34;51
75;68;83;22;60
17;16;24;14;66
53;42;33;32;2
18;6;65;42;15
76;64;68;6;4
80;24;31;53;3
20;76;92;84;50
55;34;64;81;90
69;34;67;61;37
28;19;38;34;4
97;29;34;23;50
49;55;12;3;16
45;3;47;65;28
49;39;11;55;86
68;7;84;49;18
30;15;42;50;76
98;96;20;28;50
83;8;100;48;74
5;10;99;6;88
25;90;79;16;36
69;37;60;79;32
15;94;14;4;16
40;64;68;33;4
41;51;57;59;84
68;93;33;93;7
11;50;51;84;24
47;25;99;50;83
34;65;56;26;78
62;74;52;61;70
54;15;75;16;11
83;61;72;30;24
27;37;62;16;6
70;92;35;73;35
73;79;41;13;16
57;32;30;56;19
18;92;27;33;90
34;72;40;4;5
73;55;86;60;15
84;21;7;7;28
65;61;70;5;42
47;9;18;36;82
46;18;61;91;49
23;68;32;11;13
15;72;11;21;82
24;77;52;54;48
6;67;57;66;82
46;38;59;62;86
6;99;100;80;11
23;82;93;98;1
20;54;69;29;54
24;50;98;60;64
72;19;93;36;33
80;44;76;32;56
76;46;26;33;42
11;40;100;76;63
64;29;25;28;41
94;60;92;6;19
64;65;83;48;24
38;10;2;98;65
77;5;14;6;82
27;72;68;99;2
2;15;13;75;67
72;2;15;72;57
19;25;96;44;36
50;59;30;89;69
39;18;78;37;72
61;56;39;59;99
17;100;2;38;26
51;72;50;51;53
42;91;96;15;30
87;54;20;26;45
91;1;49;30;72
54;46;51;55;26
26;32;47;18;53
9;21;60;71;97
73;62;98;9;72
46;40;69;44;41
57;7;70;63;59
45;24;46;74;100
74;84;52;25;40
8;52;40;14;35
2;16;42;64;94
31;20;44;100;70
4;65;48;59;2
14;84;43;20;25
36;99;78;97;85
13;67;4;26;80
76;56;68;28;21
30;7;97;70;18
12;21;3;8;96
36;17;21;32;21
52;20;89;49;40
88;48;95;37;11
21;26;92;88;13
60;67;8;5;14
42;80;71;25;12
87;60;65;10;47
15;64;49;42;22
24;64;96;98;64
84;16;51;63;68
54;16;39;76;4
53;1;64;85;90
54;37;67;69;13
28;70;89;52;62
32;33;29;30;20
85;33;55;58;5
83;30;29;36;60
42;59;17;88;15
98;15;100;55;94
73;88;68;67;71
91;41;31;18;53
59;72;68;27;96
17;84;95;25;51
43;63;14;95;70
66;36;12;34;1
39;86;19;79;60
76;46;90;58;18
14;83;44;34;97
2;77;31;20;77
5;56;80;18;34
37;78;2;16;30
38;18;70;24;7
6;74;83;12;87
72;25;62;61;68
22;33;98;40;15
18;65;7;69;48
67;16;19;90;75
10;12;12;63;31
84;68;14;54;81
93;51;8;59;59
90;61;96;1;28
61;67;86;49;87
98;23;58;26;93
61;77;13;78;27
91;96;74;52;8
27;12;82;54;65
35;84;48;60;83
35;45;33;71;35
65;81;58;100;75
39;73;42;24;85
50;14;99;74;72
50;7;30;15;78
10;84;17;68;34
25;47;97;7;57
20;79;8;22;49
93;84;69;56;68
65;21;42;93;63
37;24;38;74;10
6;7;75;47;38
32;32;48;80;47
50;52;79;7;41
13;25;45;67;60
51;44;76;26;40
39;57;54;38;16
32;17;87;48;61
28;50;47;61;1
45;96;52;84;78
39;15;77;37;93
20;26;97;1;34
90;4;55;28;38
96;35;70;88;84
56;7;88;29;60
8;75;61;72;65
80;30;80;34;39
29;32;81;11;54
53;66;44;36;71
47;29;55;52;52
83;58;26;100;1
25;74;47;31;70
72;13;74;84;50
62;98;30;96;67
37;5;26;24;50
97;14;51;55;78
95;80;35;56;75
98;83;45;88;11
54;1;85;85;83
54;49;32;72;18
80;54;73;25;98
35;4;100;40;3
93;76;83;85;25
40;61;67;99;11
51;3;10;90;43
28;76;69;25;19
26;98;46;19;70
49;49;4;48;96
31;74;54;48;6
3;2;78;24;42
93;56;90;97;29
13;17;78;86;72
100;53;57;73;70
67;15;99;56;43
96;13;13;11;96
74;48;93;26;95
83;66;50;65;8
43;93;90;6;98
56;56;30;73;22
75;68;13;43;32
78;8;30;41;17
90;65;92;17;72
96;15;32;19;16
90;25;33;74;85
18;98;31;43;35
100;61;45;62;100
12;63;40;13;54
60;63;49;60;9
60;46;28;91;61
45;90;42;70;24
76;74;75;2;15
61;77;57;49;36
29;75;23;94;3
71;3;1;46;30
46;99;1;53;87
63;65;40;37;25
86;72;42;71;42
13;49;26;50;34
93;87;30;61;55
78;8;2;100;15
24;56;10;82;47
9;25;5;57;92
59;44;63;92;35
76;68;55;84;53
5;89;98;75;16
38;82;98;5;6
35;64;91;59;10
34;8;15;63;88
82;9;47;16;28
16;99;54;26;4
71;41;40;99;98
47;58;48;71;15
82;89;88;43;75
85;16;69;94;51
4;95;85;66;81
13;68;65;41;52
83;11;84;50;99
82;75;1;83;41
59;35;82;68;51
13;15;69;57;53
89;71;30;81;59
19;71;43;70;82
26;70;7;51;15
68;1;16;13;66
46;42;100;75;71
54;87;17;50;62
21;93;2;36;95
4;3;28;16;63
57;26;37;97;100
10;50;1;90;3
49;2;25;99;36
99;31;15;43;42
54;97;32;60;50
80;78;76;4;26
81;14;62;61;37
36;25;66;91;94
47;52;37;25;81
100;78;81;2;73
34;23;10;81;22
64;32;65;86;99
30;61;82;12;24
55;46;44;66;61
13;18;52;14;63
83;78;80;56;20
39;76;64;5;42
40;54;7;61;69
75;89;3;47;39
16;66;43;99;12
77;48;87;90;28
36;22;34;85;1
99;88;95;56;84
49;90;42;17;42
30;67;49;80;86
54;1;50;56;61
62;64;82;60;17
72;9;33;98;5
78;77;51;80;25
97;2;26;74;20
43;44;41;60;33
23;75;13;3;90
96;89;41;85;34
8;41;82;9;72
95;44;83;24;28
31;3;56;59;64
6;98;13;71;73
67;50;72;77;40
80;41;5;24;17
3;9;65;16;24
24;98;19;36;34
22;51;9;52;63
22;74;64;6;25
13;47;57;92;23
48;23;80;49;33
100;57;15;90;7
51;10;13;20;29
70;63;19;89;96
15;43;32;28;41
7;49;12;35;73
89;39;15;93;92
11;89;37;13;12
40;29;37;75;49
92;74;86;84;29
49;73;16;98;81
55;10;32;88;21
56;65;22;61;59
21;24;78;75;73
11;4;68;51;78
99;86;57;19;50
3;93;2;63;30
44;18;43;32;31
100;12;61;81;59
2;34;98;41;80
17;92;37;96;53
31;88;29;46;99
11;58;63;25;86
19;56;5;23;20
47;48;28;40;19
43;9;46;13;20
18;27;10;64;7
47;99;9;64;60
58;79;84;72;53
28;26;27;64;15
100;47;22;60;80
17;7;8;78;3
21;88;11;28;3
54;82;54;22;83
23;55;85;26;24
49;16;42;74;61
75;62;92;92;57
60;51;13;64;47
37;71;39;15;95
57;15;40;14;42
56;27;70;5;92
4;87;12;58;93
20;65;13;27;35
48;45;97;76;51
60;86;5;20;77
14;76;56;40;86
1;92;80;87;11
65;98;91;48;90
45;96;100;42;4
89;21;16;84;35
84;74;81;73;3
31;9;9;20;85
26;17;20;61;89
10;48;57;28;43
70;94;36;94;16
51;19;55;87;46
67;56;9;64;8
51;96;8;98;14
60;81;4;93;18
41;74;41;69;88
14;29;3;61;18
54;72;44;75;2
52;27;85;30;55
25;17;36;54;63
86;7;59;50;38
25;75;77;55;51
4;100;68;60;64
10;2;98;81;70
63;34;15;5;82
80;31;59;13;87
92;41;61;64;83
83;30;59;41;24
72;67;78;54;35
68;12;57;93;85
93;19;27;85;75
19;89;67;79;68
76;88;89;41;70
98;44;87;88;83
79;38;83;70;63
42;61;28;92;68
64;7;12;79;45
25;10;60;36;19
15;78;23;73;19
83;43;39;22;92
9;31;90;70;95
16;11;50;1;37
37;7;4;75;94
38;78;93;23;34
100;24;49;30;10
25;52;93;17;49
69;41;70;11;7
2;18;50;48;96
57;39;30;53;12
93;32;29;15;55
82;89;27;77;42
72;51;40;17;88
9;67;77;80;54
97;59;4;44;5
84;75;77;58;21
74;17;25;79;82
48;99;2;72;100
32;59;57;6;92
30;11;31;27;70
87;92;84;64;100
39;82;97;40;42
25;94;51;8;85
72;31;78;64;71
79;50;22;55;56
89;2;29;65;30
96;53;39;85;82
20;6;65;52;34
61;60;82;40;24
12;42;85;37;70
13;52;36;5;13
67;37;78;40;94
55;22;79;24;53
8;56;99;32;83
9;46;43;76;18
20;98;9;9;2
66;39;38;63;75
62;35;21;46;78
15;33;22;64;10
97;48;42;2;91
74;77;75;12;52
29;61;59;59;5
93;39;33;70;59
20;10;61;45;42
67;44;73;25;50
4;27;73;80;35
64;35;12;68;36
86;72;32;78;44
73;100;22;45;18
4;54;88;54;78
52;13;73;87;97
52;83;73;45;61
18;62;7;41;23
90;58;71;35;71
61;77;74;2;73
14;5;75;27;32
67;16;14;53;80
9;70;48;2;98
37;54;15;86;60
41;36;63;88;54
46;18;39;12;22
21;69;39;76;33
4;50;39;100;39
1;70;50;74;20
67;22;90;85;1
10;76;57;100;24
23;4;33;90;88
73;95;29;91;40
3;78;82;2;39
66;1;69;97;59
85;78;69;90;80
67;98;61;8;79
19;11;93;66;44
14;82;23;36;84
87;90;6;50;91
14;31;17;22;15
65;7;59;17;7
96;93;64;9;36
89;54;56;90;77
99;40;69;87;19
72;77;23;27;68
39;37;22;74;15
62;18;64;52;69
92;27;67;38;79
14;34;80;41;49
94;5;35;49;50
26;63;46;78;48
55;29;78;27;23
68;81;4;2;67
82;20;36;52;3
15;95;13;89;32
66;16;51;7;60
42;75;38;3;2
73;56;84;70;1
49;10;3;100;37
54;35;62;42;1
21;16;1;39;49
90;44;67;47;91
37;40;73;84;30
38;98;4;45;35
93;72;9;94;33
4;70;32;77;88
76;30;5;72;48
24;11;25;39;54
18;32;4;46;22
39;17;70;17;71
91;43;33;25;16
76;66;1;55;4
10;37;3;8;18
91;30;26;56;6
13;19;22;17;49
4;67;77;57;20
90;10;98;48;27
84;71;67;68;60
44;81;17;76;18
4;77;10;74;54
81;10;68;57;95
51;58;79;86;83
39;96;20;86;23
51;53;64;42;8
92;28;23;91;38
45;21;37;43;19
66;75;91;50;18
81;33;4;87;47
22;37;12;73;17
21;93;11;66;28
24;71;44;53;5
78;98;43;22;69
15;42;23;18;92
93;90;4;3;20
69;91;65;30;28
8;61;94;58;36
88;39;52;47;2
82;15;3;24;73
75;89;10;90;74
32;23;78;34;24
28;27;82;44;79
55;20;96;86;79
36;73;19;71;13
42;41;91;74;65
85;83;85;47;52
64;32;63;41;27
70;82;1;41;60
46;18;40;64;85
88;29;22;38;75
45;11;63;8;43
11;34;54;98;39
66;58;11;55;80
75;55;57;66;51
51;43;15;84;68
90;40;21;25;30
24;94;72;58;85
65;37;20;94;7
96;53;70;58;44
74;99;25;59;71
42;96;15;42;9
15;41;62;55;84
57;30;35;57;47
38;52;47;52;35
4;56;51;31;27
24;75;18;73;82
50;1;3;74;64
44;69;50;5;39
90;84;2;25;47
18;68;44;90;71
13;49;48;27;51
33;29;62;95;38
57;72;10;84;79
27;76;78;62;16
39;9;39;35;89
10;1;20;76;32
33;26;78;4;56
50;12;67;15;92
73;73;88;4;51
80;41;55;52;59
77;20;4;54;47
2;50;35;89;40
8;33;61;84;60
27;3;95;80;100
57;53;28;55;55
80;57;59;23;19
30;66;80;65;83
79;48;74;87;37
24;56;7;57;51
31;48;39;44;38
38;89;76;87;1
17;37;96;52;2
7;69;79;65;30
8;69;37;65;14
59;58;1;45;66
10;91;33;26;10
56;38;12;96;16
59;75;76;89;30
43;48;72;30;52
28;63;21;38;8
34;71;36;28;92
11;68;41;59;45
15;90;94;72;86
13;65;56;6;85
5;8;92;35;45
81;80;9;34;50
85;71;58;5;28
6;6;39;24;42
31;72;55;94;44
16;100;61;20;79
93;46;1;51;10
45;8;91;4;25
28;86;19;10;48
60;51;5;68;38
70;78;70;9;87
35;64;89;60;91
70;5;5;90;13
8;8;8;25;80
48;39;49;26;8
83;63;54;87;9
41;9;93;63;2
40;80;33;45;98
7;24;87;10;23
61;85;5;42;95
38;5;49;16;39
84;85;89;84;58
12;99;76;48;91
75;11;33;94;79
64;90;11;7;95
41;51;43;40;46
87;17;43;8;76
63;26;40;33;45
19;90;80;91;50
85;91;93;42;4
41;95;76;1;48
5;11;65;59;39
74;90;44;32;7
74;45;21;19;34
12;68;85;31;4
67;54;28;80;64
89;39;86;49;47
14;80;49;96;35
1;61;44;73;46
6;68;8;72;88
5;15;82;14;10
80;38;32;52;57
49;25;8;90;97
64;60;53;34;34
98;17;41;7;6
78;68;76;83;79
88;32;47;47;71
74;74;17;57;50
69;8;19;46;94
13;79;33;47;14
83;98;67;33;44
14;91;81;15;81
10;89;13;48;29
52;46;42;62;68
46;89;39;90;84
44;23;71;73;56
20;73;31;38;61
25;31;79;72;79
12;80;16;82;63
100;8;97;55;53
49;56;12;12;33
56;53;34;61;51
42;5;82;40;18
88;77;9;89;66
45;92;25;17;96
96;39;100;23;71
33;88;90;13;59
27;60;12;36;20
91;81;71;60;81
85;41;30;32;33
30;26;92;14;40
24;5;48;5;91
47;38;88;79;20
79;94;80;79;73
86;30;33;41;6
91;81;94;26;89
90;85;9;97;31
84;33;3;93;73
1;54;26;68;100
22;80;84;26;25
52;42;45;84;78
21;92;58;24;82
50;88;46;44;67
34;27;18;52;78
66;72;70;9;52
72;11;73;50;71
34;62;6;43;4
50;18;45;3;96
70;19;9;51;5
19;8;67;88;83
58;67;43;94;18
41;28;84;69;96
78;29;54;67;85
62;15;34;47;38
93;69;33;12;51
41;46;98;22;13
83;59;28;49;99
73;75;64;14;62
58;65;99;4;50
79;58;47;48;42
21;49;53;91;34
82;11;95;74;81
77;26;36;39;6
67;69;13;32;53
36;15;12;26;33
20;40;86;65;65
64;78;56;53;76
75;83;70;10;73
98;74;35;18;27
52;97;26;24;78
45;60;68;20;30
58;72;89;63;46
56;90;14;49;83
37;40;23;26;95
9;65;19;35;100
29;49;6;37;6
80;5;99;63;95
42;47;36;63;37
92;73;83;82;23
81;34;58;63;78
60;91;4;27;33
87;20;1;13;68
18;14;71;11;26
90;38;21;45;44
69;95;100;89;32
81;52;12;12;66
86;4;65;92;33
77;74;20;45;95
13;31;62;46;50
55;5;29;30;27
44;36;97;80;57
79;31;55;59;88
14;69;30;92;44
15;47;77;93;82
27;81;52;54;61
60;71;81;29;70
42;12;68;1;70
70;29;10;62;13
51;65;96;35;93
61;27;11;26;55
93;53;10;96;12
79;72;1;2;10
65;100;56;89;11
56;84;83;89;48
42;37;24;55;80
37;10;96;40;80
57;52;71;66;79
40;55;39;1;86
21;50;54;17;71
52;55;2;87;20
90;3;9;64;79
100;85;48;44;99
64;59;71;7;41
93;74;8;57;38
65;16;6;92;3
16;88;74;5;94
68;29;15;9;12
58;81;35;84;17
65;42;4;4;13
38;94;88;51;61
41;51;53;98;45
4;86;91;59;59
16;59;90;35;79
93;74;93;79;30
13;88;85;85;84
32;46;28;25;63
17;53;99;56;2
56;12;2;88;77
9;83;19;58;43
85;36;65;7;97
93;61;32;46;96
89;21;34;36;40
38;73;12;93;8
30;7;51;43;65
19;93;69;80;32
83;72;28;68;24
52;32;13;35;33
49;31;73;47;21
48;95;39;35;25
11;58;93;83;48
63;99;38;72;5
11;25;19;47;29
36;62;79;64;65
17;66;43;28;47
32;98;66;19;80
33;18;10;52;69
89;88;7;3;8
24;89;41;98;22
28;49;61;30;94
9;46;4;16;63
82;31;82;46;24
18;39;26;21;15
76;26;18;32;65
27;91;49;29;64
72;96;56;20;81
92;97;81;49;5
82;50;86;14;25
82;55;79;77;86
37;43;21;57;59
29;20;7;67;5
38;25;43;2;86
22;46;87;55;21
41;83;5;62;100
40;75;59;84;11
76;43;15;17;75
36;2;51;75;63
100;63;5;82;41
66;52;97;88;31
95;66;79;33;99
13;82;60;29;74
59;77;11;67;100
92;98;69;94;36
8;25;59;26;67
49;51;20;64;80
28;65;16;36;2
3;1;22;25;47
73;19;61;13;57
95;22;96;33;9
84;18;39;50;41
80;52;60;59;2
82;83;75;28;48
58;3;40;68;76
29;81;88;54;17
69;15;26;40;53
14;19;12;36;33
80;28;69;86;48
78;50;2;87;93
80;99;82;11;34
14;22;46;19;45
17;25;77;78;32
37;19;52;100;92
34;62;21;41;92
83;40;13;51;79
83;90;48;25;44
85;59;33;24;66
64;39;62;98;48
100;32;61;88;35
58;30;24;50;34
76;73;82;13;70
50;74;79;96;39
74;53;40;10;56
91;52;74;73;89
70;12;52;8;16
34;80;3;2;16
46;30;23;66;22
80;37;47;12;15
44;92;70;43;48
61;67;9;95;48
31;75;26;88;57
26;35;15;23;54
50;15;98;19;33
29;55;61;2;76
32;75;65;81;12
32;87;28;56;4
44;100;100;48;67
31;39;99;90;99
88;11;43;34;21
33;78;16;39;80
76;92;24;73;80
90;47;97;38;93
3;30;3;87;49
20;73;40;18;79
10;43;20;31;91
99;67;30;54;45
56;46;93;5;33
98;7;11;11;62
29;87;21;56;36
46;95;82;44;80
61;93;47;32;62
69;10;62;43;88
70;18;10;56;78
61;12;19;97;46
24;46;79;9;11
44;73;47;27;1
82;56;14;2;72
74;36;50;18;26
52;86;14;61;10
41;77;89;39;2
68;33;21;94;98
13;50;50;61;98
78;84;10;98;25
51;82;7;19;35
66;10;21;33;87
15;12;75;99;76
81;19;89;43;67
69;86;85;59;98
69;45;84;35;98
61;58;42;24;54
18;45;50;49;12
76;20;7;58;4
56;18;32;84;46
6;73;29;27;16
23;59;60;39;28
91;3;9;100;55
85;40;89;56;57
20;20;55;92;54
78;83;20;100;87
89;72;1;64;85
72;24;65;75;29
98;7;17;75;42
60;32;23;59;75
27;39;10;12;52
43;19;46;51;14
57;59;80;39;72
1;53;67;11;62
79;97;72;83;66
32;34;96;73;19
83;6;81;22;97
19;51;86;99;13
18;30;83;5;21
30;18;61;89;30
39;8;30;69;74
93;29;93;63;39
20;90;16;98;79
33;44;20;74;65
66;28;53;26;72
95;60;43;10;57
10;5;25;82;95
68;7;86;6;42
14;75;34;81;22
47;51;16;57;8
76;65;29;26;37
93;96;82;70;72
51;32;42;1;25
92;16;67;21;76
88;2;32;72;66
83;4;35;94;55
11;87;95;33;16
68;78;43;82;39
23;93;86;11;17
16;47;65;27;62
62;27;34;82;59
